,Batch #,Fly ID,Date,Day,Drug Treatment,nTurns,rBias
0,1,1,5/4,1,TrH,466,0.5268817204
1,1,2,5/4,1,TrH,500,0.44288577149999997
2,1,3,5/4,1,TrH,567,0.5565371025
3,1,4,5/4,1,TrH,526,0.5657142857
4,1,5,5/4,1,TrH,370,0.6964769648
5,1,6,5/4,1,TrH,601,0.3533333333
6,1,7,5/4,1,TrH,624,0.5569823435
7,1,8,5/4,1,TrH,598,0.338358459
8,1,9,5/4,1,TrH,750,0.6101468625
9,1,10,5/4,1,TrH,26,0.48
10,1,11,5/4,1,TrH,653,0.4478527607
11,1,12,5/4,1,TrH,652,0.3225806452
12,1,13,5/4,1,TrH,838,0.4946236559
13,1,14,5/4,1,TrH,776,0.4774193548
14,1,15,5/4,1,TrH,636,0.5338582677
15,1,16,5/4,1,TrH,849,0.4952830189
16,1,17,5/4,1,TrH,499,0.4859437751
17,1,18,5/4,1,TrH,423,0.3412322275
18,1,19,5/4,1,TrH,643,0.4875389408
19,1,20,5/4,1,TrH,553,0.6322463768
20,1,21,5/4,1,TrH,952,0.6382754995000001
21,1,22,5/4,1,TrH,45,0.5
22,1,23,5/4,1,TrH,546,0.5082568807
23,1,24,5/4,1,TrH,9,0.25
24,1,25,5/4,1,TrH,-1,
25,1,26,5/4,1,TrH,1090,0.1157024793
26,1,27,5/4,1,TrH,2150,0.42996742670000004
27,1,28,5/4,1,TrH,899,0.491091314
28,1,29,5/4,1,TrH,211,0.6285714286
29,1,30,5/4,1,TrH,450,0.13585746099999998
30,1,31,5/4,1,TrH,687,0.2361516035
31,1,32,5/4,1,TrH,798,0.5244667503
32,1,33,5/4,1,TrH,832,0.7533092659
33,1,34,5/4,1,TrH,280,0.4050179211
34,1,35,5/4,1,TrH,177,0.4375
35,1,36,5/4,1,TrH,313,0.2628205128
36,1,37,5/4,1,TrH,613,0.3611111111
37,1,38,5/4,1,TrH,262,0.6781609195
38,1,39,5/4,1,TrH,300,0.6086956522
39,1,40,5/4,1,TrH,428,0.40515222479999996
40,1,41,5/4,1,TrH,823,0.08880778588999999
41,1,42,5/4,1,TrH,243,0.6900826445999999
42,1,43,5/4,1,TrH,26,0.44
43,1,44,5/4,1,TrH,269,0.5
44,1,45,5/4,1,TrH,418,0.28776978420000004
45,1,46,5/4,1,TrH,262,0.6436781609000001
46,1,47,5/4,1,TrH,570,0.4692442882
47,1,48,5/4,1,TrH,515,0.5544747082
48,1,49,5/4,1,TrH,478,0.5618448637
49,1,50,5/4,1,TrH,354,0.5155807365
50,1,51,5/4,1,TrH,332,0.36253776439999996
51,1,52,5/4,1,TrH,362,0.5706371190999999
52,1,53,5/4,1,TrH,716,0.572027972
53,1,54,5/4,1,TrH,157,0.4935897436
54,1,55,5/4,1,TrH,494,0.3387423935
55,1,56,5/4,1,TrH,668,0.3523238381
56,1,57,5/4,1,TrH,367,0.4453551913
57,1,58,5/4,1,TrH,165,0.5304878049
58,1,59,5/4,1,TrH,537,0.6380597015
59,1,60,5/4,1,TrH,307,0.4901960784
60,1,61,5/4,1,TrH,288,0.5191637631
61,1,62,5/4,1,TrH,329,0.5243902439
62,1,63,5/4,1,TrH,676,0.38518518520000006
63,1,64,5/4,1,TrH,631,0.4301587302
64,1,65,5/4,1,TrH,237,0.6355932203
65,1,66,5/4,1,TrH,733,0.6297814208
66,1,67,5/4,1,TrH,617,0.5227272727000001
67,1,68,5/4,1,TrH,828,0.5646916566
68,1,69,5/4,1,TrH,370,0.3902439024
69,1,70,5/4,1,TrH,167,0.4638554217
70,1,71,5/4,1,TrH,1033,0.4379844961
71,1,72,5/4,1,TrH,671,0.552238806
72,1,73,5/4,1,TrH,546,0.32110091739999996
73,1,74,5/4,1,TrH,820,0.43711843710000003
74,1,75,5/4,1,TrH,154,0.5359477124
75,1,76,5/4,1,TrH,237,0.36440677969999996
76,1,77,5/4,1,TrH,367,0.6584699454
77,1,78,5/4,1,TrH,1,
78,1,79,5/4,1,TrH,54,0.6226415094
79,1,80,5/4,1,TrH,371,0.3378378378
80,1,81,5/4,1,TrH,229,0.5087719298
81,1,82,5/4,1,TrH,287,0.6188811189
82,1,83,5/4,1,TrH,388,0.519379845
83,1,84,5/4,1,TrH,152,0.3509933775
84,1,85,5/4,1,TrH,681,0.65
85,1,86,5/4,1,TrH,401,0.465
86,1,87,5/4,1,TrH,291,0.6344827586
87,1,88,5/4,1,TrH,468,0.4154175589
88,1,89,5/4,1,TrH,507,0.05928853755
89,1,90,5/4,1,TrH,400,0.3182957393
90,1,91,5/4,1,TrH,314,0.38977635780000003
91,1,92,5/4,1,TrH,-1,
92,1,93,5/4,1,TrH,1010,0.30723488600000004
93,1,94,5/4,1,TrH,62,0.5409836066
94,1,95,5/4,1,TrH,243,0.5123966942
95,1,96,5/4,1,TrH,490,0.4805725971
96,1,1,5/5,2,TrH,100,0.5151515152
97,1,2,5/5,2,TrH,397,0.3636363636
98,1,3,5/5,2,TrH,212,0.3127962085
99,1,4,5/5,2,TrH,270,0.4349442379
100,1,5,5/5,2,TrH,24,0.3913043478
101,1,6,5/5,2,TrH,339,0.44082840240000004
102,1,7,5/5,2,TrH,448,0.6398210290999999
103,1,8,5/5,2,TrH,58,0.7543859649
104,1,9,5/5,2,TrH,243,0.4669421488
105,1,10,5/5,2,TrH,120,0.4201680672
106,1,11,5/5,2,TrH,-1,
107,1,12,5/5,2,TrH,-1,
108,1,13,5/5,2,TrH,-1,
109,1,14,5/5,2,TrH,-1,
110,1,15,5/5,2,TrH,50,0.387755102
111,1,16,5/5,2,TrH,-1,
112,1,17,5/5,2,TrH,17,0.75
113,1,18,5/5,2,TrH,25,0.3333333333
114,1,19,5/5,2,TrH,342,0.5601173021
115,1,20,5/5,2,TrH,231,0.7217391304
116,1,21,5/5,2,TrH,-1,
117,1,22,5/5,2,TrH,36,0.028571428569999998
118,1,23,5/5,2,TrH,130,0.42635658909999996
119,1,24,5/5,2,TrH,208,0.5652173913
120,1,25,5/5,2,TrH,-1,
121,1,26,5/5,2,TrH,148,0.5578231293
122,1,27,5/5,2,TrH,394,0.6081424936
123,1,28,5/5,2,TrH,633,0.5601265823
124,1,29,5/5,2,TrH,63,0.3709677419
125,1,30,5/5,2,TrH,251,0.43200000000000005
126,1,31,5/5,2,TrH,498,0.2293762575
127,1,32,5/5,2,TrH,659,0.38297872340000005
128,1,33,5/5,2,TrH,320,0.8275862069
129,1,34,5/5,2,TrH,173,0.523255814
130,1,35,5/5,2,TrH,329,0.387195122
131,1,36,5/5,2,TrH,143,0.2394366197
132,1,37,5/5,2,TrH,234,0.4506437768
133,1,38,5/5,2,TrH,199,0.8181818181999999
134,1,39,5/5,2,TrH,156,0.48387096770000004
135,1,40,5/5,2,TrH,289,0.4201388889
136,1,41,5/5,2,TrH,262,0.2796934866
137,1,42,5/5,2,TrH,39,0.6315789474
138,1,43,5/5,2,TrH,152,0.2715231788
139,1,44,5/5,2,TrH,0,
140,1,45,5/5,2,TrH,588,0.3526405451
141,1,46,5/5,2,TrH,228,0.6123348018
142,1,47,5/5,2,TrH,322,0.5919003115
143,1,48,5/5,2,TrH,17,0.5625
144,1,49,5/5,2,TrH,152,0.5761589404
145,1,50,5/5,2,TrH,140,0.35251798560000003
146,1,51,5/5,2,TrH,90,0.393258427
147,1,52,5/5,2,TrH,467,0.4892703863
148,1,53,5/5,2,TrH,293,0.5684931507
149,1,54,5/5,2,TrH,67,0.5757575758
150,1,55,5/5,2,TrH,778,0.6537966538000001
151,1,56,5/5,2,TrH,-1,
152,1,57,5/5,2,TrH,316,0.3111111111
153,1,58,5/5,2,TrH,188,0.5080213903999999
154,1,59,5/5,2,TrH,407,0.6822660099
155,1,60,5/5,2,TrH,361,0.5333333333
156,1,61,5/5,2,TrH,339,0.5562130178
157,1,62,5/5,2,TrH,70,0.4202898551
158,1,63,5/5,2,TrH,225,0.5044642857
159,1,64,5/5,2,TrH,120,0.243697479
160,1,65,5/5,2,TrH,44,0.48837209299999995
161,1,66,5/5,2,TrH,85,0.6547619048
162,1,67,5/5,2,TrH,562,0.4919786096
163,1,68,5/5,2,TrH,342,0.41642228740000004
164,1,69,5/5,2,TrH,70,0.3913043478
165,1,70,5/5,2,TrH,158,0.4076433121
166,1,71,5/5,2,TrH,522,0.5124760077
167,1,72,5/5,2,TrH,72,0.676056338
168,1,73,5/5,2,TrH,109,0.3611111111
169,1,74,5/5,2,TrH,175,0.316091954
170,1,75,5/5,2,TrH,11,0.3
171,1,76,5/5,2,TrH,5,0.75
172,1,77,5/5,2,TrH,188,0.5561497326
173,1,78,5/5,2,TrH,-1,
174,1,79,5/5,2,TrH,111,0.4636363636
175,1,80,5/5,2,TrH,175,0.37356321840000006
176,1,81,5/5,2,TrH,407,0.5862068965999999
177,1,82,5/5,2,TrH,-1,
178,1,83,5/5,2,TrH,582,0.4733218589
179,1,84,5/5,2,TrH,104,0.4368932039
180,1,85,5/5,2,TrH,585,0.6780821918000001
181,1,86,5/5,2,TrH,200,0.2864321608
182,1,87,5/5,2,TrH,105,0.4230769231
183,1,88,5/5,2,TrH,7,0.3333333333
184,1,89,5/5,2,TrH,-1,
185,1,90,5/5,2,TrH,106,0.2285714286
186,1,91,5/5,2,TrH,-1,
187,1,92,5/5,2,TrH,-1,
188,1,93,5/5,2,TrH,345,0.511627907
189,1,94,5/5,2,TrH,25,0.5833333333
190,1,95,5/5,2,TrH,-1,
191,1,96,5/5,2,TrH,178,0.3333333333
192,1,1,5/6,3,TrH,59,0.5172413793
193,1,2,5/6,3,TrH,-1,
194,1,3,5/6,3,TrH,149,0.5540540541
195,1,4,5/6,3,TrH,34,0.4242424242
196,1,5,5/6,3,TrH,60,0.4237288136
197,1,6,5/6,3,TrH,186,0.45945945950000006
198,1,7,5/6,3,TrH,-1,
199,1,8,5/6,3,TrH,2,1.0
200,1,9,5/6,3,TrH,178,0.4124293785
201,1,10,5/6,3,TrH,691,0.5898550725
202,1,11,5/6,3,TrH,-1,
203,1,12,5/6,3,TrH,-1,
204,1,13,5/6,3,TrH,-1,
205,1,14,5/6,3,TrH,-1,
206,1,15,5/6,3,TrH,3,0.0
207,1,16,5/6,3,TrH,-1,
208,1,17,5/6,3,TrH,180,0.6201117318
209,1,18,5/6,3,TrH,2,0.0
210,1,19,5/6,3,TrH,23,0.5
211,1,20,5/6,3,TrH,-1,
212,1,21,5/6,3,TrH,17,0.4375
213,1,22,5/6,3,TrH,8,0.42857142859999997
214,1,23,5/6,3,TrH,230,0.3624454148
215,1,24,5/6,3,TrH,347,0.5
216,1,25,5/6,3,TrH,-1,
217,1,26,5/6,3,TrH,84,0.26506024100000003
218,1,27,5/6,3,TrH,685,0.4356725146
219,1,28,5/6,3,TrH,267,0.5338345864999999
220,1,29,5/6,3,TrH,7,0.1666666667
221,1,30,5/6,3,TrH,114,0.5840707964999999
222,1,31,5/6,3,TrH,276,0.29454545449999997
223,1,32,5/6,3,TrH,558,0.3931777379
224,1,33,5/6,3,TrH,413,0.7233009709
225,1,34,5/6,3,TrH,155,0.487012987
226,1,35,5/6,3,TrH,213,0.3679245283
227,1,36,5/6,3,TrH,53,0.7307692308
228,1,37,5/6,3,TrH,0,
229,1,38,5/6,3,TrH,26,0.48
230,1,39,5/6,3,TrH,53,0.6153846154
231,1,40,5/6,3,TrH,263,0.3893129771
232,1,41,5/6,3,TrH,169,0.4345238095
233,1,42,5/6,3,TrH,9,0.5
234,1,43,5/6,3,TrH,5,0.5
235,1,44,5/6,3,TrH,-1,
236,1,45,5/6,3,TrH,374,0.254691689
237,1,46,5/6,3,TrH,23,0.5454545454999999
238,1,47,5/6,3,TrH,260,0.5444015444
239,1,48,5/6,3,TrH,8,0.5714285714
240,1,49,5/6,3,TrH,89,0.5
241,1,50,5/6,3,TrH,-1,
242,1,51,5/6,3,TrH,20,0.5789473684
243,1,52,5/6,3,TrH,271,0.262962963
244,1,53,5/6,3,TrH,2,0.0
245,1,54,5/6,3,TrH,9,0.5
246,1,55,5/6,3,TrH,82,0.30864197530000004
247,1,56,5/6,3,TrH,-1,
248,1,57,5/6,3,TrH,75,0.5675675675999999
249,1,58,5/6,3,TrH,184,0.5245901639
250,1,59,5/6,3,TrH,330,0.3465045593
251,1,60,5/6,3,TrH,173,0.5639534884
252,1,61,5/6,3,TrH,359,0.43296089390000003
253,1,62,5/6,3,TrH,14,0.6153846154
254,1,63,5/6,3,TrH,42,0.43902439020000006
255,1,64,5/6,3,TrH,57,0.5357142857
256,1,65,5/6,3,TrH,0,
257,1,66,5/6,3,TrH,54,0.4716981132
258,1,67,5/6,3,TrH,371,0.5243243243
259,1,68,5/6,3,TrH,336,0.528358209
260,1,69,5/6,3,TrH,59,0.5517241379
261,1,70,5/6,3,TrH,132,0.22900763359999998
262,1,71,5/6,3,TrH,359,0.49162011170000003
263,1,72,5/6,3,TrH,115,0.45614035090000005
264,1,73,5/6,3,TrH,27,0.1923076923
265,1,74,5/6,3,TrH,66,0.2769230769
266,1,75,5/6,3,TrH,15,0.42857142859999997
267,1,76,5/6,3,TrH,15,0.42857142859999997
268,1,77,5/6,3,TrH,434,0.6605080831
269,1,78,5/6,3,TrH,-1,
270,1,79,5/6,3,TrH,69,0.5441176471
271,1,80,5/6,3,TrH,100,0.6161616162
272,1,81,5/6,3,TrH,-1,
273,1,82,5/6,3,TrH,-1,
274,1,83,5/6,3,TrH,334,0.4864864865
275,1,84,5/6,3,TrH,169,0.4166666667
276,1,85,5/6,3,TrH,77,0.5131578947
277,1,86,5/6,3,TrH,115,0.27192982460000004
278,1,87,5/6,3,TrH,684,0.5285505124000001
279,1,88,5/6,3,TrH,60,0.4237288136
280,1,89,5/6,3,TrH,-1,
281,1,90,5/6,3,TrH,57,0.30357142859999997
282,1,91,5/6,3,TrH,-1,
283,1,92,5/6,3,TrH,-1,
284,1,93,5/6,3,TrH,257,0.44921875
285,1,94,5/6,3,TrH,15,0.7857142856999999
286,1,95,5/6,3,TrH,1,
287,1,96,5/6,3,TrH,-1,
288,1,1,5/11,8,TrH,124,0.6991869919
289,1,2,5/11,8,TrH,-1,
290,1,3,5/11,8,TrH,127,0.40476190479999996
291,1,4,5/11,8,TrH,521,0.5538461538
292,1,5,5/11,8,TrH,598,0.5159128978
293,1,6,5/11,8,TrH,415,0.3333333333
294,1,7,5/11,8,TrH,-1,
295,1,8,5/11,8,TrH,436,0.6
296,1,9,5/11,8,TrH,760,0.6561264822
297,1,10,5/11,8,TrH,-1,
298,1,11,5/11,8,TrH,-1,
299,1,12,5/11,8,TrH,-1,
300,1,13,5/11,8,TrH,-1,
301,1,14,5/11,8,TrH,0,
302,1,15,5/11,8,TrH,145,0.6666666667
303,1,16,5/11,8,TrH,-1,
304,1,17,5/11,8,TrH,-1,
305,1,18,5/11,8,TrH,551,0.2545454545
306,1,19,5/11,8,TrH,297,0.6148648649
307,1,20,5/11,8,TrH,-1,
308,1,21,5/11,8,TrH,-1,
309,1,22,5/11,8,TrH,234,0.2746781116
310,1,23,5/11,8,TrH,201,0.375
311,1,24,5/11,8,TrH,692,0.6888567294
312,1,25,5/11,8,TrH,0,
313,1,26,5/11,8,TrH,165,0.3414634146
314,1,27,5/11,8,TrH,389,0.6881443299
315,1,28,5/11,8,TrH,89,0.3295454545
316,1,29,5/11,8,TrH,514,0.4814814815
317,1,30,5/11,8,TrH,89,0.4772727273
318,1,31,5/11,8,TrH,561,0.20535714289999998
319,1,32,5/11,8,TrH,223,0.3468468468
320,1,33,5/11,8,TrH,217,0.6944444444
321,1,34,5/11,8,TrH,193,0.328125
322,1,35,5/11,8,TrH,134,0.3007518797
323,1,36,5/11,8,TrH,-1,
324,1,37,5/11,8,TrH,54,0.3396226415
325,1,38,5/11,8,TrH,41,0.725
326,1,39,5/11,8,TrH,9,0.5
327,1,40,5/11,8,TrH,88,0.5977011494
328,1,41,5/11,8,TrH,182,0.20441988949999998
329,1,42,5/11,8,TrH,341,0.6705882353
330,1,43,5/11,8,TrH,0,
331,1,44,5/11,8,TrH,-1,
332,1,45,5/11,8,TrH,433,0.34490740740000003
333,1,46,5/11,8,TrH,126,0.424
334,1,47,5/11,8,TrH,457,0.6776315789
335,1,48,5/11,8,TrH,233,0.6982758620999999
336,1,49,5/11,8,TrH,395,0.5482233503
337,1,50,5/11,8,TrH,0,
338,1,51,5/11,8,TrH,197,0.4795918367
339,1,52,5/11,8,TrH,-1,
340,1,53,5/11,8,TrH,319,0.3962264151
341,1,54,5/11,8,TrH,137,0.5294117647
342,1,55,5/11,8,TrH,343,0.5321637427
343,1,56,5/11,8,TrH,-1,
344,1,57,5/11,8,TrH,169,0.2797619048
345,1,58,5/11,8,TrH,327,0.6748466258
346,1,59,5/11,8,TrH,311,0.5903225806
347,1,60,5/11,8,TrH,151,0.6133333333
348,1,61,5/11,8,TrH,225,0.5535714286
349,1,62,5/11,8,TrH,209,0.20673076920000003
350,1,63,5/11,8,TrH,353,0.4147727273
351,1,64,5/11,8,TrH,512,0.35616438359999997
352,1,65,5/11,8,TrH,14,0.8461538462
353,1,66,5/11,8,TrH,2,1.0
354,1,67,5/11,8,TrH,205,0.362745098
355,1,68,5/11,8,TrH,351,0.56
356,1,69,5/11,8,TrH,359,0.41061452509999996
357,1,70,5/11,8,TrH,213,0.42452830189999996
358,1,71,5/11,8,TrH,462,0.41865509759999997
359,1,72,5/11,8,TrH,264,0.4904942966
360,1,73,5/11,8,TrH,91,0.4777777778
361,1,74,5/11,8,TrH,168,0.3293413174
362,1,75,5/11,8,TrH,119,0.49152542369999996
363,1,76,5/11,8,TrH,152,0.3907284768
364,1,77,5/11,8,TrH,281,0.5035714286
365,1,78,5/11,8,TrH,-1,
366,1,79,5/11,8,TrH,281,0.4
367,1,80,5/11,8,TrH,269,0.3656716418
368,1,81,5/11,8,TrH,-1,
369,1,82,5/11,8,TrH,-1,
370,1,83,5/11,8,TrH,-1,
371,1,84,5/11,8,TrH,255,0.45275590549999994
372,1,85,5/11,8,TrH,301,0.5533333333
373,1,86,5/11,8,TrH,-1,
374,1,87,5/11,8,TrH,336,0.5970149254
375,1,88,5/11,8,TrH,90,0.4943820225
376,1,89,5/11,8,TrH,-1,
377,1,90,5/11,8,TrH,101,0.37
378,1,91,5/11,8,TrH,-1,
379,1,92,5/11,8,TrH,-1,
380,1,93,5/11,8,TrH,-1,
381,1,94,5/11,8,TrH,50,0.6530612245
382,1,95,5/11,8,TrH,-1,
383,1,96,5/11,8,TrH,-1,
384,1,1,5/12,9,TrH,87,0.33720930229999996
385,1,2,5/12,9,TrH,-1,
386,1,3,5/12,9,TrH,109,0.3703703704
387,1,4,5/12,9,TrH,306,0.4786885246
388,1,5,5/12,9,TrH,79,0.47435897439999997
389,1,6,5/12,9,TrH,294,0.5358361775
390,1,7,5/12,9,TrH,1,
391,1,8,5/12,9,TrH,226,0.6088888889
392,1,9,5/12,9,TrH,-1,
393,1,10,5/12,9,TrH,-1,
394,1,11,5/12,9,TrH,-1,
395,1,12,5/12,9,TrH,-1,
396,1,13,5/12,9,TrH,0,
397,1,14,5/12,9,TrH,4,0.3333333333
398,1,15,5/12,9,TrH,162,0.6832298137
399,1,16,5/12,9,TrH,2,0.0
400,1,17,5/12,9,TrH,10,0.44444444439999997
401,1,18,5/12,9,TrH,313,0.4134615385
402,1,19,5/12,9,TrH,419,0.2559808612
403,1,20,5/12,9,TrH,4,0.3333333333
404,1,21,5/12,9,TrH,0,
405,1,22,5/12,9,TrH,189,0.23936170210000002
406,1,23,5/12,9,TrH,283,0.41843971630000004
407,1,24,5/12,9,TrH,246,0.7265306122
408,1,25,5/12,9,TrH,0,
409,1,26,5/12,9,TrH,76,0.5733333333
410,1,27,5/12,9,TrH,599,0.4698996656
411,1,28,5/12,9,TrH,34,0.5757575758
412,1,29,5/12,9,TrH,374,0.5388739946
413,1,30,5/12,9,TrH,85,0.5476190476
414,1,31,5/12,9,TrH,140,0.31654676260000003
415,1,32,5/12,9,TrH,167,0.4156626506
416,1,33,5/12,9,TrH,90,0.5617977528
417,1,34,5/12,9,TrH,196,0.45128205130000004
418,1,35,5/12,9,TrH,-1,
419,1,36,5/12,9,TrH,-1,
420,1,37,5/12,9,TrH,176,0.44
421,1,38,5/12,9,TrH,16,0.6666666667
422,1,39,5/12,9,TrH,26,0.64
423,1,40,5/12,9,TrH,218,0.4884792627
424,1,41,5/12,9,TrH,146,0.4344827586
425,1,42,5/12,9,TrH,147,0.5547945205
426,1,43,5/12,9,TrH,6,0.6
427,1,44,5/12,9,TrH,10,0.5555555556
428,1,45,5/12,9,TrH,468,0.1798715203
429,1,46,5/12,9,TrH,130,0.503875969
430,1,47,5/12,9,TrH,323,0.6149068323
431,1,48,5/12,9,TrH,80,0.5949367089
432,1,49,5/12,9,TrH,331,0.6333333333
433,1,50,5/12,9,TrH,0,
434,1,51,5/12,9,TrH,198,0.42639593909999995
435,1,52,5/12,9,TrH,11,0.5
436,1,53,5/12,9,TrH,577,0.6128472222
437,1,54,5/12,9,TrH,17,0.375
438,1,55,5/12,9,TrH,237,0.5762711864
439,1,56,5/12,9,TrH,0,
440,1,57,5/12,9,TrH,12,0.6363636364
441,1,58,5/12,9,TrH,267,0.6127819549
442,1,59,5/12,9,TrH,-1,
443,1,60,5/12,9,TrH,143,0.6056338028
444,1,61,5/12,9,TrH,468,0.52248394
445,1,62,5/12,9,TrH,70,0.4202898551
446,1,63,5/12,9,TrH,255,0.5590551181
447,1,64,5/12,9,TrH,319,0.4056603774
448,1,65,5/12,9,TrH,60,0.406779661
449,1,66,5/12,9,TrH,6,0.6
450,1,67,5/12,9,TrH,307,0.4803921569
451,1,68,5/12,9,TrH,537,0.4906716418
452,1,69,5/12,9,TrH,0,
453,1,70,5/12,9,TrH,223,0.4414414414
454,1,71,5/12,9,TrH,491,0.5306122449
455,1,72,5/12,9,TrH,252,0.4701195219
456,1,73,5/12,9,TrH,-1,
457,1,74,5/12,9,TrH,145,0.4236111111
458,1,75,5/12,9,TrH,86,0.6117647059
459,1,76,5/12,9,TrH,395,0.3147208122
460,1,77,5/12,9,TrH,328,0.4862385321
461,1,78,5/12,9,TrH,0,
462,1,79,5/12,9,TrH,699,0.29226361030000003
463,1,80,5/12,9,TrH,200,0.4572864322
464,1,81,5/12,9,TrH,-1,
465,1,82,5/12,9,TrH,-1,
466,1,83,5/12,9,TrH,-1,
467,1,84,5/12,9,TrH,110,0.33944954130000005
468,1,85,5/12,9,TrH,196,0.5076923077000001
469,1,86,5/12,9,TrH,-1,
470,1,87,5/12,9,TrH,386,0.5766233766
471,1,88,5/12,9,TrH,52,0.3333333333
472,1,89,5/12,9,TrH,-1,
473,1,90,5/12,9,TrH,258,0.3190661479
474,1,91,5/12,9,TrH,-1,
475,1,92,5/12,9,TrH,-1,
476,1,93,5/12,9,TrH,-1,
477,1,94,5/12,9,TrH,135,0.4925373134
478,1,95,5/12,9,TrH,-1,
479,1,96,5/12,9,TrH,-1,
480,1,1,5/13,10,TrH,34,0.5151515152
481,1,2,5/13,10,TrH,21,0.4
482,1,3,5/13,10,TrH,155,0.3961038961
483,1,4,5/13,10,TrH,467,0.5751072961
484,1,5,5/13,10,TrH,28,0.4814814815
485,1,6,5/13,10,TrH,139,0.4927536232
486,1,7,5/13,10,TrH,45,0.4772727273
487,1,8,5/13,10,TrH,20,0.42105263159999995
488,1,9,5/13,10,TrH,40,0.4615384615
489,1,10,5/13,10,TrH,2,1.0
490,1,11,5/13,10,TrH,2,0.0
491,1,12,5/13,10,TrH,-1,
492,1,13,5/13,10,TrH,33,0.34375
493,1,14,5/13,10,TrH,48,0.4893617021
494,1,15,5/13,10,TrH,46,0.44444444439999997
495,1,16,5/13,10,TrH,63,0.5322580645
496,1,17,5/13,10,TrH,61,0.4833333333
497,1,18,5/13,10,TrH,55,0.5925925926
498,1,19,5/13,10,TrH,148,0.37414965990000004
499,1,20,5/13,10,TrH,54,0.6226415094
500,1,21,5/13,10,TrH,42,0.5121951220000001
501,1,22,5/13,10,TrH,34,0.5454545454999999
502,1,23,5/13,10,TrH,15,0.42857142859999997
503,1,24,5/13,10,TrH,208,0.5458937198
504,1,25,5/13,10,TrH,51,0.4
505,1,26,5/13,10,TrH,249,0.6129032258
506,1,27,5/13,10,TrH,516,0.5067961165
507,1,28,5/13,10,TrH,203,0.43564356439999996
508,1,29,5/13,10,TrH,43,0.5238095238
509,1,30,5/13,10,TrH,83,0.5609756097999999
510,1,31,5/13,10,TrH,227,0.4513274336
511,1,32,5/13,10,TrH,213,0.3962264151
512,1,33,5/13,10,TrH,19,0.44444444439999997
513,1,34,5/13,10,TrH,197,0.5510204082
514,1,35,5/13,10,TrH,16,0.4
515,1,36,5/13,10,TrH,18,0.5294117647
516,1,37,5/13,10,TrH,32,0.5161290323
517,1,38,5/13,10,TrH,58,0.49122807020000003
518,1,39,5/13,10,TrH,55,0.5
519,1,40,5/13,10,TrH,144,0.5804195804
520,1,41,5/13,10,TrH,93,0.5
521,1,42,5/13,10,TrH,52,0.568627451
522,1,43,5/13,10,TrH,52,0.4901960784
523,1,44,5/13,10,TrH,63,0.5
524,1,45,5/13,10,TrH,10,0.5555555556
525,1,46,5/13,10,TrH,132,0.427480916
526,1,47,5/13,10,TrH,281,0.6571428571
527,1,48,5/13,10,TrH,2,1.0
528,1,49,5/13,10,TrH,283,0.609929078
529,1,50,5/13,10,TrH,51,0.52
530,1,51,5/13,10,TrH,58,0.45614035090000005
531,1,52,5/13,10,TrH,51,0.64
532,1,53,5/13,10,TrH,70,0.5217391304
533,1,54,5/13,10,TrH,58,0.5263157895
534,1,55,5/13,10,TrH,55,0.5
535,1,56,5/13,10,TrH,46,0.5555555556
536,1,57,5/13,10,TrH,11,0.5
537,1,58,5/13,10,TrH,11,0.4
538,1,59,5/13,10,TrH,1,
539,1,60,5/13,10,TrH,2,0.0
540,1,61,5/13,10,TrH,133,0.4848484848
541,1,62,5/13,10,TrH,314,0.5111821086
542,1,63,5/13,10,TrH,95,0.4787234043
543,1,64,5/13,10,TrH,44,0.511627907
544,1,65,5/13,10,TrH,31,0.5
545,1,66,5/13,10,TrH,43,0.6666666667
546,1,67,5/13,10,TrH,337,0.494047619
547,1,68,5/13,10,TrH,22,0.5714285714
548,1,69,5/13,10,TrH,5,0.75
549,1,70,5/13,10,TrH,129,0.421875
550,1,71,5/13,10,TrH,693,0.4031791908
551,1,72,5/13,10,TrH,77,0.6578947368
552,1,73,5/13,10,TrH,8,0.42857142859999997
553,1,74,5/13,10,TrH,159,0.3607594937
554,1,75,5/13,10,TrH,147,0.5136986300999999
555,1,76,5/13,10,TrH,181,0.42777777780000004
556,1,77,5/13,10,TrH,14,0.4615384615
557,1,78,5/13,10,TrH,25,0.5833333333
558,1,79,5/13,10,TrH,12,0.5454545454999999
559,1,80,5/13,10,TrH,10,0.44444444439999997
560,1,81,5/13,10,TrH,2,0.0
561,1,82,5/13,10,TrH,1,
562,1,83,5/13,10,TrH,0,
563,1,84,5/13,10,TrH,262,0.3333333333
564,1,85,5/13,10,TrH,452,0.5521064302
565,1,86,5/13,10,TrH,13,0.4166666667
566,1,87,5/13,10,TrH,620,0.662358643
567,1,88,5/13,10,TrH,355,0.2937853107
568,1,89,5/13,10,TrH,0,
569,1,90,5/13,10,TrH,156,0.2516129032
570,1,91,5/13,10,TrH,1,
571,1,92,5/13,10,TrH,5,0.5
572,1,93,5/13,10,TrH,0,
573,1,94,5/13,10,TrH,13,0.3333333333
574,1,95,5/13,10,TrH,-1,
575,1,96,5/13,10,TrH,0,
576,1,1,5/18,15,TrH,288,0.4738675958
577,1,2,5/18,15,TrH,0,
578,1,3,5/18,15,TrH,455,0.4823788546
579,1,4,5/18,15,TrH,486,0.6329896907
580,1,5,5/18,15,TrH,430,0.2610722611
581,1,6,5/18,15,TrH,562,0.37433155079999997
582,1,7,5/18,15,TrH,4,0.3333333333
583,1,8,5/18,15,TrH,247,0.6300813008
584,1,9,5/18,15,TrH,0,
585,1,10,5/18,15,TrH,0,
586,1,11,5/18,15,TrH,0,
587,1,12,5/18,15,TrH,-1,
588,1,13,5/18,15,TrH,4,0.6666666667
589,1,14,5/18,15,TrH,10,0.5555555556
590,1,15,5/18,15,TrH,10,0.44444444439999997
591,1,16,5/18,15,TrH,6,0.4
592,1,17,5/18,15,TrH,0,
593,1,18,5/18,15,TrH,14,0.5384615385
594,1,19,5/18,15,TrH,481,0.4166666667
595,1,20,5/18,15,TrH,3,1.0
596,1,21,5/18,15,TrH,1,
597,1,22,5/18,15,TrH,12,0.5454545454999999
598,1,23,5/18,15,TrH,6,0.4
599,1,24,5/18,15,TrH,289,0.4826388889
600,1,25,5/18,15,TrH,11,0.4
601,1,26,5/18,15,TrH,470,0.45842217479999997
602,1,27,5/18,15,TrH,864,0.4020857474
603,1,28,5/18,15,TrH,23,0.5
604,1,29,5/18,15,TrH,4,0.3333333333
605,1,30,5/18,15,TrH,18,0.2941176471
606,1,31,5/18,15,TrH,0,
607,1,32,5/18,15,TrH,504,0.5467196819
608,1,33,5/18,15,TrH,2,0.0
609,1,34,5/18,15,TrH,15,0.21428571429999999
610,1,35,5/18,15,TrH,3,0.5
611,1,36,5/18,15,TrH,0,
612,1,37,5/18,15,TrH,7,0.6666666667
613,1,38,5/18,15,TrH,19,0.5
614,1,39,5/18,15,TrH,13,0.3333333333
615,1,40,5/18,15,TrH,19,0.5
616,1,41,5/18,15,TrH,10,0.3333333333
617,1,42,5/18,15,TrH,12,0.5454545454999999
618,1,43,5/18,15,TrH,4,0.3333333333
619,1,44,5/18,15,TrH,12,0.5454545454999999
620,1,45,5/18,15,TrH,0,
621,1,46,5/18,15,TrH,17,0.5
622,1,47,5/18,15,TrH,394,0.3765903308
623,1,48,5/18,15,TrH,0,
624,1,49,5/18,15,TrH,437,0.6559633028
625,1,50,5/18,15,TrH,0,
626,1,51,5/18,15,TrH,296,0.3661016949
627,1,52,5/18,15,TrH,32,0.48387096770000004
628,1,53,5/18,15,TrH,18,0.4117647059
629,1,54,5/18,15,TrH,19,0.44444444439999997
630,1,55,5/18,15,TrH,400,0.43609022560000005
631,1,56,5/18,15,TrH,4,0.3333333333
632,1,57,5/18,15,TrH,0,
633,1,58,5/18,15,TrH,-1,
634,1,59,5/18,15,TrH,-1,
635,1,60,5/18,15,TrH,-1,
636,1,61,5/18,15,TrH,452,0.2350332594
637,1,62,5/18,15,TrH,4,0.6666666667
638,1,63,5/18,15,TrH,323,0.5248447205
639,1,64,5/18,15,TrH,12,0.45454545450000006
640,1,65,5/18,15,TrH,6,0.4
641,1,66,5/18,15,TrH,16,0.4666666667
642,1,67,5/18,15,TrH,303,0.33774834439999996
643,1,68,5/18,15,TrH,1,
644,1,69,5/18,15,TrH,-1,
645,1,70,5/18,15,TrH,-1,
646,1,71,5/18,15,TrH,902,0.4761376249
647,1,72,5/18,15,TrH,593,0.40202702700000004
648,1,73,5/18,15,TrH,-1,
649,1,74,5/18,15,TrH,128,0.39370078740000003
650,1,75,5/18,15,TrH,422,0.5368171021
651,1,76,5/18,15,TrH,69,0.4558823529
652,1,77,5/18,15,TrH,0,
653,1,78,5/18,15,TrH,0,
654,1,79,5/18,15,TrH,0,
655,1,80,5/18,15,TrH,-1,
656,1,81,5/18,15,TrH,-1,
657,1,82,5/18,15,TrH,-1,
658,1,83,5/18,15,TrH,-1,
659,1,84,5/18,15,TrH,63,0.435483871
660,1,85,5/18,15,TrH,556,0.6324324324
661,1,86,5/18,15,TrH,3,0.5
662,1,87,5/18,15,TrH,409,0.6642156863
663,1,88,5/18,15,TrH,260,0.2625482625
664,1,89,5/18,15,TrH,-1,
665,1,90,5/18,15,TrH,90,0.40449438200000004
666,1,91,5/18,15,TrH,-1,
667,1,92,5/18,15,TrH,-1,
668,1,93,5/18,15,TrH,-1,
669,1,94,5/18,15,TrH,32,0.6129032258
670,1,95,5/18,15,TrH,-1,
671,1,96,5/18,15,TrH,-1,
672,1,1,5/19,16,TrH,356,0.6169014085
673,1,2,5/19,16,TrH,2,0.0
674,1,3,5/19,16,TrH,312,0.6173633440999999
675,1,4,5/19,16,TrH,286,0.5403508772
676,1,5,5/19,16,TrH,807,0.2866004963
677,1,6,5/19,16,TrH,710,0.44287729200000003
678,1,7,5/19,16,TrH,2,0.0
679,1,8,5/19,16,TrH,178,0.47457627119999996
680,1,9,5/19,16,TrH,0,
681,1,10,5/19,16,TrH,0,
682,1,11,5/19,16,TrH,0,
683,1,12,5/19,16,TrH,-1,
684,1,13,5/19,16,TrH,14,0.5384615385
685,1,14,5/19,16,TrH,25,0.5
686,1,15,5/19,16,TrH,23,0.5454545454999999
687,1,16,5/19,16,TrH,28,0.5555555556
688,1,17,5/19,16,TrH,13,0.5
689,1,18,5/19,16,TrH,21,0.5
690,1,19,5/19,16,TrH,691,0.3507246377
691,1,20,5/19,16,TrH,22,0.5238095238
692,1,21,5/19,16,TrH,11,0.5
693,1,22,5/19,16,TrH,25,0.625
694,1,23,5/19,16,TrH,7,0.5
695,1,24,5/19,16,TrH,510,0.6797642436
696,1,25,5/19,16,TrH,22,0.4761904762
697,1,26,5/19,16,TrH,526,0.3942857143
698,1,27,5/19,16,TrH,810,0.5018541409
699,1,28,5/19,16,TrH,38,0.4324324324
700,1,29,5/19,16,TrH,22,0.5238095238
701,1,30,5/19,16,TrH,55,0.40740740740000003
702,1,31,5/19,16,TrH,13,0.5833333333
703,1,32,5/19,16,TrH,28,0.4814814815
704,1,33,5/19,16,TrH,971,0.36804123710000003
705,1,34,5/19,16,TrH,18,0.5294117647
706,1,35,5/19,16,TrH,4,0.3333333333
707,1,36,5/19,16,TrH,0,
708,1,37,5/19,16,TrH,14,0.3846153846
709,1,38,5/19,16,TrH,44,0.48837209299999995
710,1,39,5/19,16,TrH,23,0.5
711,1,40,5/19,16,TrH,55,0.5
712,1,41,5/19,16,TrH,23,0.5
713,1,42,5/19,16,TrH,54,0.4339622642
714,1,43,5/19,16,TrH,10,0.8888888889
715,1,44,5/19,16,TrH,23,0.45454545450000006
716,1,45,5/19,16,TrH,8,0.42857142859999997
717,1,46,5/19,16,TrH,23,0.3636363636
718,1,47,5/19,16,TrH,102,0.3564356436
719,1,48,5/19,16,TrH,0,
720,1,49,5/19,16,TrH,367,0.5683060109
721,1,50,5/19,16,TrH,22,0.4761904762
722,1,51,5/19,16,TrH,266,0.40754716979999994
723,1,52,5/19,16,TrH,67,0.5
724,1,53,5/19,16,TrH,32,0.4516129032
725,1,54,5/19,16,TrH,31,0.4
726,1,55,5/19,16,TrH,242,0.34439834020000004
727,1,56,5/19,16,TrH,24,0.3913043478
728,1,57,5/19,16,TrH,8,0.5714285714
729,1,58,5/19,16,TrH,7,0.5
730,1,59,5/19,16,TrH,3,0.5
731,1,60,5/19,16,TrH,-1,
732,1,61,5/19,16,TrH,329,0.3292682927
733,1,62,5/19,16,TrH,225,0.41517857140000003
734,1,63,5/19,16,TrH,764,0.4678899083
735,1,64,5/19,16,TrH,35,0.44117647060000004
736,1,65,5/19,16,TrH,15,0.5
737,1,66,5/19,16,TrH,26,0.68
738,1,67,5/19,16,TrH,396,0.4734177215
739,1,68,5/19,16,TrH,10,0.5555555556
740,1,69,5/19,16,TrH,1,
741,1,70,5/19,16,TrH,0,
742,1,71,5/19,16,TrH,550,0.3533697632
743,1,72,5/19,16,TrH,240,0.5271966527
744,1,73,5/19,16,TrH,0,
745,1,74,5/19,16,TrH,114,0.3185840708
746,1,75,5/19,16,TrH,0,
747,1,76,5/19,16,TrH,189,0.4787234043
748,1,77,5/19,16,TrH,2,0.0
749,1,78,5/19,16,TrH,11,0.6
750,1,79,5/19,16,TrH,0,
751,1,80,5/19,16,TrH,0,
752,1,81,5/19,16,TrH,0,
753,1,82,5/19,16,TrH,-1,
754,1,83,5/19,16,TrH,-1,
755,1,84,5/19,16,TrH,140,0.4964028777
756,1,85,5/19,16,TrH,671,0.6074626865999999
757,1,86,5/19,16,TrH,10,0.11111111109999999
758,1,87,5/19,16,TrH,228,0.6519823789
759,1,88,5/19,16,TrH,297,0.5202702703000001
760,1,89,5/19,16,TrH,-1,
761,1,90,5/19,16,TrH,120,0.2521008403
762,1,91,5/19,16,TrH,-1,
763,1,92,5/19,16,TrH,1,
764,1,93,5/19,16,TrH,-1,
765,1,94,5/19,16,TrH,129,0.4921875
766,1,95,5/19,16,TrH,-1,
767,1,96,5/19,16,TrH,-1,
768,1,1,5/20,17,TrH,323,0.35093167700000005
769,1,2,5/20,17,TrH,0,
770,1,3,5/20,17,TrH,118,0.5982905983
771,1,4,5/20,17,TrH,2,0.0
772,1,5,5/20,17,TrH,148,0.4421768707
773,1,6,5/20,17,TrH,561,0.4946428571
774,1,7,5/20,17,TrH,2,0.0
775,1,8,5/20,17,TrH,90,0.5842696629
776,1,9,5/20,17,TrH,2,0.0
777,1,10,5/20,17,TrH,0,
778,1,11,5/20,17,TrH,0,
779,1,12,5/20,17,TrH,-1,
780,1,13,5/20,17,TrH,20,0.36842105259999997
781,1,14,5/20,17,TrH,23,0.5
782,1,15,5/20,17,TrH,10,0.5555555556
783,1,16,5/20,17,TrH,6,0.4
784,1,17,5/20,17,TrH,2,0.0
785,1,18,5/20,17,TrH,20,0.5789473684
786,1,19,5/20,17,TrH,368,0.5040871935
787,1,20,5/20,17,TrH,8,0.2857142857
788,1,21,5/20,17,TrH,9,0.75
789,1,22,5/20,17,TrH,13,0.5
790,1,23,5/20,17,TrH,0,
791,1,24,5/20,17,TrH,-1,
792,1,25,5/20,17,TrH,13,0.5833333333
793,1,26,5/20,17,TrH,557,0.46582733810000004
794,1,27,5/20,17,TrH,824,0.5552855407
795,1,28,5/20,17,TrH,28,0.44444444439999997
796,1,29,5/20,17,TrH,22,0.4761904762
797,1,30,5/20,17,TrH,46,0.4666666667
798,1,31,5/20,17,TrH,8,0.5714285714
799,1,32,5/20,17,TrH,432,0.3573085847
800,1,33,5/20,17,TrH,10,0.5555555556
801,1,34,5/20,17,TrH,19,0.3888888889
802,1,35,5/20,17,TrH,4,0.3333333333
803,1,36,5/20,17,TrH,0,
804,1,37,5/20,17,TrH,9,0.625
805,1,38,5/20,17,TrH,26,0.52
806,1,39,5/20,17,TrH,15,0.5714285714
807,1,40,5/20,17,TrH,42,0.46341463409999994
808,1,41,5/20,17,TrH,13,0.5
809,1,42,5/20,17,TrH,30,0.44827586210000003
810,1,43,5/20,17,TrH,6,0.6
811,1,44,5/20,17,TrH,32,0.41935483869999995
812,1,45,5/20,17,TrH,4,0.6666666667
813,1,46,5/20,17,TrH,15,0.5714285714
814,1,47,5/20,17,TrH,926,0.31027027030000004
815,1,48,5/20,17,TrH,0,
816,1,49,5/20,17,TrH,462,0.590021692
817,1,50,5/20,17,TrH,11,0.5
818,1,51,5/20,17,TrH,197,0.34693877549999996
819,1,52,5/20,17,TrH,55,0.5555555556
820,1,53,5/20,17,TrH,22,0.4761904762
821,1,54,5/20,17,TrH,26,0.44
822,1,55,5/20,17,TrH,4,0.6666666667
823,1,56,5/20,17,TrH,25,0.4583333333
824,1,57,5/20,17,TrH,0,
825,1,58,5/20,17,TrH,0,
826,1,59,5/20,17,TrH,-1,
827,1,60,5/20,17,TrH,-1,
828,1,61,5/20,17,TrH,153,0.5855263158
829,1,62,5/20,17,TrH,268,0.5655430712
830,1,63,5/20,17,TrH,471,0.5340425532
831,1,64,5/20,17,TrH,16,0.4666666667
832,1,65,5/20,17,TrH,20,0.4736842105
833,1,66,5/20,17,TrH,28,0.4814814815
834,1,67,5/20,17,TrH,785,0.5446428571
835,1,68,5/20,17,TrH,3,0.5
836,1,69,5/20,17,TrH,0,
837,1,70,5/20,17,TrH,-1,
838,1,71,5/20,17,TrH,583,0.4570446735
839,1,72,5/20,17,TrH,237,0.5593220339
840,1,73,5/20,17,TrH,0,
841,1,74,5/20,17,TrH,5,0.5
842,1,75,5/20,17,TrH,5,0.5
843,1,76,5/20,17,TrH,329,0.2957317073
844,1,77,5/20,17,TrH,0,
845,1,78,5/20,17,TrH,11,0.7
846,1,79,5/20,17,TrH,2,0.0
847,1,80,5/20,17,TrH,0,
848,1,81,5/20,17,TrH,0,
849,1,82,5/20,17,TrH,-1,
850,1,83,5/20,17,TrH,-1,
851,1,84,5/20,17,TrH,191,0.4684210526
852,1,85,5/20,17,TrH,446,0.5775280899
853,1,86,5/20,17,TrH,18,0.4705882353
854,1,87,5/20,17,TrH,490,0.5603271984
855,1,88,5/20,17,TrH,350,0.2836676218
856,1,89,5/20,17,TrH,-1,
857,1,90,5/20,17,TrH,151,0.2933333333
858,1,91,5/20,17,TrH,-1,
859,1,92,5/20,17,TrH,-1,
860,1,93,5/20,17,TrH,-1,
861,1,94,5/20,17,TrH,51,0.4
862,1,95,5/20,17,TrH,-1,
863,1,96,5/20,17,TrH,-1,
864,1,1,5/4,1,control,749,0.4959893048
865,1,2,5/4,1,control,470,0.5202558635
866,1,3,5/4,1,control,516,0.39029126210000004
867,1,4,5/4,1,control,487,0.5288065844
868,1,5,5/4,1,control,190,0.4761904762
869,1,6,5/4,1,control,1121,0.7392857143000001
870,1,7,5/4,1,control,494,0.34888438130000005
871,1,8,5/4,1,control,743,0.4878706199
872,1,9,5/4,1,control,362,0.42659279780000003
873,1,10,5/4,1,control,439,0.296803653
874,1,11,5/4,1,control,497,0.4475806452
875,1,12,5/4,1,control,0,
876,1,13,5/4,1,control,158,0.5350318471
877,1,14,5/4,1,control,574,0.3821989529
878,1,15,5/4,1,control,262,0.4061302682
879,1,16,5/4,1,control,785,0.49872448979999995
880,1,17,5/4,1,control,392,0.462915601
881,1,18,5/4,1,control,306,0.4295081967
882,1,19,5/4,1,control,318,0.6624605678000001
883,1,20,5/4,1,control,936,0.4449197861
884,1,21,5/4,1,control,172,0.4502923977
885,1,22,5/4,1,control,429,0.5420560748
886,1,23,5/4,1,control,696,0.3079136691
887,1,24,5/4,1,control,586,0.6974358973999999
888,1,25,5/4,1,control,231,0.6
889,1,26,5/4,1,control,816,0.5251533742
890,1,27,5/4,1,control,667,0.39189189189999996
891,1,28,5/4,1,control,77,0.4736842105
892,1,29,5/4,1,control,166,0.8121212121
893,1,30,5/4,1,control,1136,0.6008810573
894,1,31,5/4,1,control,12,0.5454545454999999
895,1,32,5/4,1,control,518,0.7021276595999999
896,1,33,5/4,1,control,508,0.4102564103
897,1,34,5/4,1,control,-1,
898,1,35,5/4,1,control,302,0.5714285714
899,1,36,5/4,1,control,337,0.3303571429
900,1,37,5/4,1,control,804,0.5130759651
901,1,38,5/4,1,control,256,0.4705882353
902,1,39,5/4,1,control,291,0.3034482759
903,1,40,5/4,1,control,262,0.48275862070000003
904,1,41,5/4,1,control,121,0.30833333329999996
905,1,42,5/4,1,control,601,0.32333333329999997
906,1,43,5/4,1,control,399,0.4422110553
907,1,44,5/4,1,control,400,0.6315789474
908,1,45,5/4,1,control,599,0.4364548495
909,1,46,5/4,1,control,19,0.5
910,1,47,5/4,1,control,918,0.48418756820000003
911,1,48,5/4,1,control,517,0.5368217054
912,1,49,5/4,1,control,429,0.441588785
913,1,50,5/4,1,control,261,0.6769230769
914,1,51,5/4,1,control,538,0.3426443203
915,1,52,5/4,1,control,355,0.313559322
916,1,53,5/4,1,control,252,0.4501992032
917,1,54,5/4,1,control,562,0.5026737968
918,1,55,5/4,1,control,279,0.5251798561
919,1,56,5/4,1,control,652,0.5161290323
920,1,57,5/4,1,control,601,0.415
921,1,58,5/4,1,control,293,0.2636986301
922,1,59,5/4,1,control,685,0.2280701754
923,1,60,5/4,1,control,630,0.4435612083
924,1,61,5/4,1,control,193,0.375
925,1,62,5/4,1,control,458,0.5054704595
926,1,63,5/4,1,control,28,0.6666666667
927,1,64,5/4,1,control,195,0.206185567
928,1,65,5/4,1,control,706,0.5914893617
929,1,66,5/4,1,control,623,0.6077170418
930,1,67,5/4,1,control,539,0.3977695167
931,1,68,5/4,1,control,566,0.4849557522
932,1,69,5/4,1,control,510,0.5717092338
933,1,70,5/4,1,control,499,0.48192771079999996
934,1,71,5/4,1,control,459,0.5305676856
935,1,72,5/4,1,control,296,0.5084745763
936,1,73,5/4,1,control,602,0.2978369384
937,1,74,5/4,1,control,153,0.6184210526
938,1,75,5/4,1,control,756,0.20794701989999997
939,1,76,5/4,1,control,222,0.5339366515999999
940,1,77,5/4,1,control,618,0.3630470016
941,1,78,5/4,1,control,254,0.5217391304
942,1,79,5/4,1,control,343,0.3713450292
943,1,80,5/4,1,control,168,0.6886227545
944,1,81,5/4,1,control,844,0.5587188612
945,1,82,5/4,1,control,416,0.5012048193
946,1,83,5/4,1,control,534,0.44277673549999996
947,1,84,5/4,1,control,670,0.4723467862
948,1,85,5/4,1,control,102,0.6336633663
949,1,86,5/4,1,control,381,0.5263157895
950,1,87,5/4,1,control,517,0.4612403101
951,1,88,5/4,1,control,325,0.5771604938
952,1,89,5/4,1,control,321,0.3125
953,1,90,5/4,1,control,805,0.5659203979999999
954,1,91,5/4,1,control,195,0.42268041240000004
955,1,92,5/4,1,control,603,0.6877076412
956,1,93,5/4,1,control,230,0.5327510917
957,1,94,5/4,1,control,574,0.5113438045
958,1,95,5/4,1,control,436,0.49195402299999996
959,1,96,5/4,1,control,34,0.5151515152
960,1,1,5/5,2,control,271,0.5222222222
961,1,2,5/5,2,control,294,0.43686006829999996
962,1,3,5/5,2,control,235,0.4487179487
963,1,4,5/5,2,control,-1,
964,1,5,5/5,2,control,216,0.5209302325999999
965,1,6,5/5,2,control,531,0.6132075472
966,1,7,5/5,2,control,503,0.4701195219
967,1,8,5/5,2,control,336,0.5970149254
968,1,9,5/5,2,control,-1,
969,1,10,5/5,2,control,170,0.43195266270000005
970,1,11,5/5,2,control,301,0.6233333333
971,1,12,5/5,2,control,4,0.6666666667
972,1,13,5/5,2,control,0,
973,1,14,5/5,2,control,59,0.4310344828
974,1,15,5/5,2,control,-1,
975,1,16,5/5,2,control,563,0.48398576509999996
976,1,17,5/5,2,control,321,0.509375
977,1,18,5/5,2,control,476,0.3073684211
978,1,19,5/5,2,control,256,0.4705882353
979,1,20,5/5,2,control,142,0.5531914894
980,1,21,5/5,2,control,107,0.3679245283
981,1,22,5/5,2,control,789,0.383248731
982,1,23,5/5,2,control,226,0.4488888889
983,1,24,5/5,2,control,562,0.5668449198
984,1,25,5/5,2,control,88,0.43678160920000003
985,1,26,5/5,2,control,649,0.40740740740000003
986,1,27,5/5,2,control,274,0.293040293
987,1,28,5/5,2,control,198,0.5329949239
988,1,29,5/5,2,control,77,0.8421052631999999
989,1,30,5/5,2,control,784,0.36653895270000003
990,1,31,5/5,2,control,84,0.5903614457999999
991,1,32,5/5,2,control,548,0.6325411335
992,1,33,5/5,2,control,133,0.5075757576
993,1,34,5/5,2,control,3,0.0
994,1,35,5/5,2,control,431,0.5627906977
995,1,36,5/5,2,control,41,0.3
996,1,37,5/5,2,control,413,0.572815534
997,1,38,5/5,2,control,115,0.6315789474
998,1,39,5/5,2,control,1,
999,1,40,5/5,2,control,375,0.6764705882
1000,1,41,5/5,2,control,9,0.625
1001,1,42,5/5,2,control,160,0.2452830189
1002,1,43,5/5,2,control,7,0.8333333333
1003,1,44,5/5,2,control,4,0.3333333333
1004,1,45,5/5,2,control,715,0.4355742297
1005,1,46,5/5,2,control,107,0.6886792453
1006,1,47,5/5,2,control,464,0.5399568035
1007,1,48,5/5,2,control,283,0.40425531909999995
1008,1,49,5/5,2,control,374,0.3887399464
1009,1,50,5/5,2,control,195,0.44329896909999994
1010,1,51,5/5,2,control,0,
1011,1,52,5/5,2,control,0,
1012,1,53,5/5,2,control,195,0.5051546392
1013,1,54,5/5,2,control,494,0.5882352941
1014,1,55,5/5,2,control,201,0.39
1015,1,56,5/5,2,control,396,0.5417721518999999
1016,1,57,5/5,2,control,1,
1017,1,58,5/5,2,control,154,0.37908496729999996
1018,1,59,5/5,2,control,406,0.612345679
1019,1,60,5/5,2,control,440,0.4031890661
1020,1,61,5/5,2,control,338,0.6112759644
1021,1,62,5/5,2,control,430,0.5944055944
1022,1,63,5/5,2,control,201,0.5
1023,1,64,5/5,2,control,81,0.575
1024,1,65,5/5,2,control,171,0.46470588240000005
1025,1,66,5/5,2,control,398,0.6095717884
1026,1,67,5/5,2,control,687,0.35860058310000004
1027,1,68,5/5,2,control,481,0.49166666670000003
1028,1,69,5/5,2,control,425,0.5448113207999999
1029,1,70,5/5,2,control,119,0.4576271186
1030,1,71,5/5,2,control,531,0.4849056604
1031,1,72,5/5,2,control,345,0.5436046512
1032,1,73,5/5,2,control,594,0.3760539629
1033,1,74,5/5,2,control,178,0.49152542369999996
1034,1,75,5/5,2,control,750,0.2376502003
1035,1,76,5/5,2,control,188,0.5828877004999999
1036,1,77,5/5,2,control,234,0.4678111588
1037,1,78,5/5,2,control,273,0.5772058824
1038,1,79,5/5,2,control,231,0.43043478259999995
1039,1,80,5/5,2,control,54,0.4716981132
1040,1,81,5/5,2,control,547,0.5366300366
1041,1,82,5/5,2,control,312,0.5209003215
1042,1,83,5/5,2,control,338,0.2700296736
1043,1,84,5/5,2,control,8,0.2857142857
1044,1,85,5/5,2,control,246,0.5673469388
1045,1,86,5/5,2,control,570,0.5940246046000001
1046,1,87,5/5,2,control,518,0.5048355899
1047,1,88,5/5,2,control,345,0.6075581395
1048,1,89,5/5,2,control,540,0.3005565863
1049,1,90,5/5,2,control,630,0.4737678855
1050,1,91,5/5,2,control,141,0.6428571429
1051,1,92,5/5,2,control,0,
1052,1,93,5/5,2,control,304,0.40264026399999997
1053,1,94,5/5,2,control,16,0.8
1054,1,95,5/5,2,control,9,0.125
1055,1,96,5/5,2,control,57,0.3392857143
1056,1,1,5/6,3,control,34,0.5454545454999999
1057,1,2,5/6,3,control,65,0.46875
1058,1,3,5/6,3,control,126,0.544
1059,1,4,5/6,3,control,-1,
1060,1,5,5/6,3,control,235,0.4871794872
1061,1,6,5/6,3,control,616,0.5398373984
1062,1,7,5/6,3,control,394,0.5139949109
1063,1,8,5/6,3,control,313,0.5673076923
1064,1,9,5/6,3,control,-1,
1065,1,10,5/6,3,control,99,0.3979591837
1066,1,11,5/6,3,control,196,0.6974358973999999
1067,1,12,5/6,3,control,16,0.5333333333
1068,1,13,5/6,3,control,4,1.0
1069,1,14,5/6,3,control,12,0.45454545450000006
1070,1,15,5/6,3,control,-1,
1071,1,16,5/6,3,control,350,0.4785100287
1072,1,17,5/6,3,control,225,0.5625
1073,1,18,5/6,3,control,563,0.3202846975
1074,1,19,5/6,3,control,226,0.6266666667
1075,1,20,5/6,3,control,132,0.6488549618
1076,1,21,5/6,3,control,96,0.3473684211
1077,1,22,5/6,3,control,730,0.3456790123
1078,1,23,5/6,3,control,30,0.6551724138
1079,1,24,5/6,3,control,-1,
1080,1,25,5/6,3,control,148,0.46938775509999997
1081,1,26,5/6,3,control,565,0.43085106380000004
1082,1,27,5/6,3,control,217,0.2777777778
1083,1,28,5/6,3,control,87,0.3139534884
1084,1,29,5/6,3,control,140,0.7122302158
1085,1,30,5/6,3,control,744,0.3930013459
1086,1,31,5/6,3,control,55,0.5740740741
1087,1,32,5/6,3,control,407,0.6231527094
1088,1,33,5/6,3,control,118,0.4871794872
1089,1,34,5/6,3,control,-1,
1090,1,35,5/6,3,control,462,0.6030368764
1091,1,36,5/6,3,control,123,0.5245901639
1092,1,37,5/6,3,control,397,0.5
1093,1,38,5/6,3,control,60,0.5593220339
1094,1,39,5/6,3,control,-1,
1095,1,40,5/6,3,control,-1,
1096,1,41,5/6,3,control,20,0.3157894737
1097,1,42,5/6,3,control,239,0.2605042017
1098,1,43,5/6,3,control,139,0.3913043478
1099,1,44,5/6,3,control,-1,
1100,1,45,5/6,3,control,-1,
1101,1,46,5/6,3,control,178,0.5875706215
1102,1,47,5/6,3,control,393,0.6198979592
1103,1,48,5/6,3,control,94,0.247311828
1104,1,49,5/6,3,control,250,0.4939759036
1105,1,50,5/6,3,control,192,0.5392670157
1106,1,51,5/6,3,control,-1,
1107,1,52,5/6,3,control,-1,
1108,1,53,5/6,3,control,112,0.5765765766
1109,1,54,5/6,3,control,450,0.5389755011
1110,1,55,5/6,3,control,326,0.4430769231
1111,1,56,5/6,3,control,404,0.5384615385
1112,1,57,5/6,3,control,0,
1113,1,58,5/6,3,control,-1,
1114,1,59,5/6,3,control,163,0.3888888889
1115,1,60,5/6,3,control,143,0.3521126761
1116,1,61,5/6,3,control,371,0.6297297297
1117,1,62,5/6,3,control,187,0.6612903226
1118,1,63,5/6,3,control,440,0.6651480638
1119,1,64,5/6,3,control,140,0.4676258993
1120,1,65,5/6,3,control,401,0.465
1121,1,66,5/6,3,control,619,0.6731391586
1122,1,67,5/6,3,control,-1,
1123,1,68,5/6,3,control,573,0.4143356643
1124,1,69,5/6,3,control,368,0.5367847411
1125,1,70,5/6,3,control,145,0.4097222222
1126,1,71,5/6,3,control,844,0.49822064060000004
1127,1,72,5/6,3,control,-1,
1128,1,73,5/6,3,control,675,0.3130563798
1129,1,74,5/6,3,control,-1,
1130,1,75,5/6,3,control,89,0.7045454545000001
1131,1,76,5/6,3,control,610,0.24958949100000002
1132,1,77,5/6,3,control,386,0.425974026
1133,1,78,5/6,3,control,334,0.5825825826
1134,1,79,5/6,3,control,340,0.34513274340000005
1135,1,80,5/6,3,control,219,0.6376146789
1136,1,81,5/6,3,control,-1,
1137,1,82,5/6,3,control,165,0.4695121951
1138,1,83,5/6,3,control,479,0.3493723849
1139,1,84,5/6,3,control,9,0.875
1140,1,85,5/6,3,control,314,0.552715655
1141,1,86,5/6,3,control,398,0.5642317379999999
1142,1,87,5/6,3,control,228,0.6211453744
1143,1,88,5/6,3,control,242,0.6348547718
1144,1,89,5/6,3,control,319,0.427672956
1145,1,90,5/6,3,control,276,0.5672727273
1146,1,91,5/6,3,control,-1,
1147,1,92,5/6,3,control,-1,
1148,1,93,5/6,3,control,-1,
1149,1,94,5/6,3,control,-1,
1150,1,95,5/6,3,control,15,0.07142857142999999
1151,1,96,5/6,3,control,230,0.35807860259999996
1152,1,1,5/11,8,control,266,0.5509433962
1153,1,2,5/11,8,control,345,0.38662790700000005
1154,1,3,5/11,8,control,296,0.5254237288
1155,1,4,5/11,8,control,-1,
1156,1,5,5/11,8,control,252,0.46215139439999997
1157,1,6,5/11,8,control,354,0.5127478754
1158,1,7,5/11,8,control,271,0.4148148148
1159,1,8,5/11,8,control,-1,
1160,1,9,5/11,8,control,-1,
1161,1,10,5/11,8,control,122,0.5123966942
1162,1,11,5/11,8,control,142,0.4397163121
1163,1,12,5/11,8,control,0,
1164,1,13,5/11,8,control,4,0.3333333333
1165,1,14,5/11,8,control,295,0.42857142859999997
1166,1,15,5/11,8,control,-1,
1167,1,16,5/11,8,control,281,0.3964285714
1168,1,17,5/11,8,control,317,0.5316455696
1169,1,18,5/11,8,control,128,0.37007874020000003
1170,1,19,5/11,8,control,217,0.6157407407
1171,1,20,5/11,8,control,435,0.6036866359
1172,1,21,5/11,8,control,156,0.38064516130000003
1173,1,22,5/11,8,control,506,0.3267326733
1174,1,23,5/11,8,control,383,0.3403141361
1175,1,24,5/11,8,control,-1,
1176,1,25,5/11,8,control,116,0.5304347826
1177,1,26,5/11,8,control,195,0.293814433
1178,1,27,5/11,8,control,386,0.6
1179,1,28,5/11,8,control,-1,
1180,1,29,5/11,8,control,184,0.7595628415000001
1181,1,30,5/11,8,control,790,0.5640050697
1182,1,31,5/11,8,control,0,
1183,1,32,5/11,8,control,1,
1184,1,33,5/11,8,control,187,0.311827957
1185,1,34,5/11,8,control,-1,
1186,1,35,5/11,8,control,261,0.4
1187,1,36,5/11,8,control,84,0.6506024096
1188,1,37,5/11,8,control,477,0.6155462185
1189,1,38,5/11,8,control,477,0.5504201681
1190,1,39,5/11,8,control,-1,
1191,1,40,5/11,8,control,-1,
1192,1,41,5/11,8,control,265,0.5416666667
1193,1,42,5/11,8,control,495,0.1923076923
1194,1,43,5/11,8,control,496,0.4161616162
1195,1,44,5/11,8,control,2,0.0
1196,1,45,5/11,8,control,-1,
1197,1,46,5/11,8,control,274,0.641025641
1198,1,47,5/11,8,control,332,0.5709969789
1199,1,48,5/11,8,control,228,0.26872246699999996
1200,1,49,5/11,8,control,292,0.42268041240000004
1201,1,50,5/11,8,control,-1,
1202,1,51,5/11,8,control,-1,
1203,1,52,5/11,8,control,-1,
1204,1,53,5/11,8,control,-1,
1205,1,54,5/11,8,control,37,0.3055555556
1206,1,55,5/11,8,control,384,0.5822454308
1207,1,56,5/11,8,control,8,0.42857142859999997
1208,1,57,5/11,8,control,10,0.44444444439999997
1209,1,58,5/11,8,control,-1,
1210,1,59,5/11,8,control,358,0.6470588235
1211,1,60,5/11,8,control,339,0.4378698225
1212,1,61,5/11,8,control,194,0.6476683938000001
1213,1,62,5/11,8,control,465,0.5905172414000001
1214,1,63,5/11,8,control,404,0.682382134
1215,1,64,5/11,8,control,336,0.5223880597
1216,1,65,5/11,8,control,228,0.40969163
1217,1,66,5/11,8,control,525,0.6488549618
1218,1,67,5/11,8,control,2,0.0
1219,1,68,5/11,8,control,514,0.5263157895
1220,1,69,5/11,8,control,396,0.5341772152
1221,1,70,5/11,8,control,368,0.35967302450000005
1222,1,71,5/11,8,control,327,0.3619631902
1223,1,72,5/11,8,control,-1,
1224,1,73,5/11,8,control,473,0.2288135593
1225,1,74,5/11,8,control,-1,
1226,1,75,5/11,8,control,-1,
1227,1,76,5/11,8,control,317,0.2056962025
1228,1,77,5/11,8,control,343,0.36549707600000003
1229,1,78,5/11,8,control,118,0.5128205128
1230,1,79,5/11,8,control,165,0.4329268293
1231,1,80,5/11,8,control,12,0.5454545454999999
1232,1,81,5/11,8,control,-1,
1233,1,82,5/11,8,control,288,0.3135888502
1234,1,83,5/11,8,control,134,0.3533834586
1235,1,84,5/11,8,control,-1,
1236,1,85,5/11,8,control,239,0.6008403361
1237,1,86,5/11,8,control,201,0.45
1238,1,87,5/11,8,control,207,0.6019417476
1239,1,88,5/11,8,control,463,0.6406926407
1240,1,89,5/11,8,control,-1,
1241,1,90,5/11,8,control,398,0.6347607053000001
1242,1,91,5/11,8,control,-1,
1243,1,92,5/11,8,control,-1,
1244,1,93,5/11,8,control,-1,
1245,1,94,5/11,8,control,-1,
1246,1,95,5/11,8,control,-1,
1247,1,96,5/11,8,control,347,0.5086705202
1248,1,1,5/12,9,control,293,0.5993150685
1249,1,2,5/12,9,control,15,0.6428571429
1250,1,3,5/12,9,control,-1,
1251,1,4,5/12,9,control,-1,
1252,1,5,5/12,9,control,-1,
1253,1,6,5/12,9,control,231,0.6130434782999999
1254,1,7,5/12,9,control,158,0.4649681529
1255,1,8,5/12,9,control,-1,
1256,1,9,5/12,9,control,-1,
1257,1,10,5/12,9,control,86,0.6
1258,1,11,5/12,9,control,18,0.7058823529000001
1259,1,12,5/12,9,control,-1,
1260,1,13,5/12,9,control,6,0.6
1261,1,14,5/12,9,control,182,0.43646408840000006
1262,1,15,5/12,9,control,3,0.5
1263,1,16,5/12,9,control,7,0.3333333333
1264,1,17,5/12,9,control,165,0.5731707317
1265,1,18,5/12,9,control,0,
1266,1,19,5/12,9,control,0,
1267,1,20,5/12,9,control,380,0.6068601583
1268,1,21,5/12,9,control,131,0.5230769231
1269,1,22,5/12,9,control,497,0.35887096770000004
1270,1,23,5/12,9,control,191,0.3894736842
1271,1,24,5/12,9,control,-1,
1272,1,25,5/12,9,control,27,0.5
1273,1,26,5/12,9,control,142,0.4397163121
1274,1,27,5/12,9,control,229,0.3903508772
1275,1,28,5/12,9,control,10,0.44444444439999997
1276,1,29,5/12,9,control,4,0.3333333333
1277,1,30,5/12,9,control,399,0.4346733668
1278,1,31,5/12,9,control,7,0.1666666667
1279,1,32,5/12,9,control,18,0.4705882353
1280,1,33,5/12,9,control,247,0.406504065
1281,1,34,5/12,9,control,5,0.25
1282,1,35,5/12,9,control,283,0.4716312057
1283,1,36,5/12,9,control,-1,
1284,1,37,5/12,9,control,8,0.7142857143000001
1285,1,38,5/12,9,control,247,0.4146341463
1286,1,39,5/12,9,control,10,0.5555555556
1287,1,40,5/12,9,control,30,0.48275862070000003
1288,1,41,5/12,9,control,429,0.4228971963
1289,1,42,5/12,9,control,407,0.2955665025
1290,1,43,5/12,9,control,11,0.5
1291,1,44,5/12,9,control,25,0.5416666667
1292,1,45,5/12,9,control,28,0.44444444439999997
1293,1,46,5/12,9,control,24,0.4782608696
1294,1,47,5/12,9,control,510,0.5049115914
1295,1,48,5/12,9,control,-1,
1296,1,49,5/12,9,control,385,0.3359375
1297,1,50,5/12,9,control,9,0.5
1298,1,51,5/12,9,control,13,0.6666666667
1299,1,52,5/12,9,control,22,0.4761904762
1300,1,53,5/12,9,control,30,0.3793103448
1301,1,54,5/12,9,control,22,0.5714285714
1302,1,55,5/12,9,control,275,0.6569343066
1303,1,56,5/12,9,control,9,0.5
1304,1,57,5/12,9,control,13,0.3333333333
1305,1,58,5/12,9,control,25,0.5
1306,1,59,5/12,9,control,527,0.5057034221
1307,1,60,5/12,9,control,211,0.4571428571
1308,1,61,5/12,9,control,395,0.6345177665
1309,1,62,5/12,9,control,341,0.6088235294
1310,1,63,5/12,9,control,453,0.6681415929
1311,1,64,5/12,9,control,241,0.38333333329999997
1312,1,65,5/12,9,control,417,0.4278846154
1313,1,66,5/12,9,control,689,0.6002906977
1314,1,67,5/12,9,control,19,0.3888888889
1315,1,68,5/12,9,control,713,0.4845505618
1316,1,69,5/12,9,control,580,0.5319516408
1317,1,70,5/12,9,control,239,0.2857142857
1318,1,71,5/12,9,control,662,0.4039334342
1319,1,72,5/12,9,control,0,
1320,1,73,5/12,9,control,561,0.2482142857
1321,1,74,5/12,9,control,0,
1322,1,75,5/12,9,control,12,0.45454545450000006
1323,1,76,5/12,9,control,406,0.3580246914
1324,1,77,5/12,9,control,603,0.38372093020000003
1325,1,78,5/12,9,control,22,0.42857142859999997
1326,1,79,5/12,9,control,219,0.4311926606
1327,1,80,5/12,9,control,110,0.5963302752
1328,1,81,5/12,9,control,7,0.5
1329,1,82,5/12,9,control,336,0.4
1330,1,83,5/12,9,control,143,0.2042253521
1331,1,84,5/12,9,control,-1,
1332,1,85,5/12,9,control,205,0.6323529412
1333,1,86,5/12,9,control,242,0.5809128631
1334,1,87,5/12,9,control,225,0.5625
1335,1,88,5/12,9,control,284,0.554770318
1336,1,89,5/12,9,control,-1,
1337,1,90,5/12,9,control,135,0.4701492537
1338,1,91,5/12,9,control,0,
1339,1,92,5/12,9,control,1,
1340,1,93,5/12,9,control,0,
1341,1,94,5/12,9,control,-1,
1342,1,95,5/12,9,control,-1,
1343,1,96,5/12,9,control,344,0.4402332362
1344,1,1,5/13,10,control,202,0.5373134328
1345,1,2,5/13,10,control,113,0.6071428571
1346,1,3,5/13,10,control,-1,
1347,1,4,5/13,10,control,-1,
1348,1,5,5/13,10,control,-1,
1349,1,6,5/13,10,control,230,0.6113537118
1350,1,7,5/13,10,control,245,0.46721311479999994
1351,1,8,5/13,10,control,-1,
1352,1,9,5/13,10,control,-1,
1353,1,10,5/13,10,control,55,0.9074074073999999
1354,1,11,5/13,10,control,65,0.4375
1355,1,12,5/13,10,control,-1,
1356,1,13,5/13,10,control,3,1.0
1357,1,14,5/13,10,control,301,0.4666666667
1358,1,15,5/13,10,control,-1,
1359,1,16,5/13,10,control,23,0.5454545454999999
1360,1,17,5/13,10,control,221,0.6045454545000001
1361,1,18,5/13,10,control,-1,
1362,1,19,5/13,10,control,-1,
1363,1,20,5/13,10,control,284,0.5088339223
1364,1,21,5/13,10,control,96,0.3578947368
1365,1,22,5/13,10,control,536,0.3551401869
1366,1,23,5/13,10,control,428,0.4519906323
1367,1,24,5/13,10,control,-1,
1368,1,25,5/13,10,control,0,
1369,1,26,5/13,10,control,52,0.23529411760000002
1370,1,27,5/13,10,control,433,0.2986111111
1371,1,28,5/13,10,control,-1,
1372,1,29,5/13,10,control,155,0.5974025974
1373,1,30,5/13,10,control,489,0.5
1374,1,31,5/13,10,control,-1,
1375,1,32,5/13,10,control,278,0.5523465704
1376,1,33,5/13,10,control,8,0.42857142859999997
1377,1,34,5/13,10,control,-1,
1378,1,35,5/13,10,control,367,0.5491803279
1379,1,36,5/13,10,control,-1,
1380,1,37,5/13,10,control,0,
1381,1,38,5/13,10,control,350,0.5444126074
1382,1,39,5/13,10,control,-1,
1383,1,40,5/13,10,control,0,
1384,1,41,5/13,10,control,299,0.4765100671
1385,1,42,5/13,10,control,446,0.2337078652
1386,1,43,5/13,10,control,0,
1387,1,44,5/13,10,control,0,
1388,1,45,5/13,10,control,0,
1389,1,46,5/13,10,control,107,0.5660377357999999
1390,1,47,5/13,10,control,231,0.5956521739
1391,1,48,5/13,10,control,-1,
1392,1,49,5/13,10,control,332,0.41087613289999997
1393,1,50,5/13,10,control,-1,
1394,1,51,5/13,10,control,-1,
1395,1,52,5/13,10,control,0,
1396,1,53,5/13,10,control,0,
1397,1,54,5/13,10,control,0,
1398,1,55,5/13,10,control,293,0.7123287670999999
1399,1,56,5/13,10,control,0,
1400,1,57,5/13,10,control,0,
1401,1,58,5/13,10,control,0,
1402,1,59,5/13,10,control,348,0.4351585014
1403,1,60,5/13,10,control,187,0.2741935484
1404,1,61,5/13,10,control,179,0.5337078652
1405,1,62,5/13,10,control,437,0.6995412844
1406,1,63,5/13,10,control,566,0.9274336283
1407,1,64,5/13,10,control,141,0.4928571429
1408,1,65,5/13,10,control,189,0.4946808511
1409,1,66,5/13,10,control,648,0.5935085008
1410,1,67,5/13,10,control,0,
1411,1,68,5/13,10,control,450,0.5144766147
1412,1,69,5/13,10,control,479,0.45815899579999997
1413,1,70,5/13,10,control,6,0.4
1414,1,71,5/13,10,control,296,0.393220339
1415,1,72,5/13,10,control,-1,
1416,1,73,5/13,10,control,-1,
1417,1,74,5/13,10,control,-1,
1418,1,75,5/13,10,control,-1,
1419,1,76,5/13,10,control,552,0.3448275862
1420,1,77,5/13,10,control,428,0.3512880562
1421,1,78,5/13,10,control,178,0.2937853107
1422,1,79,5/13,10,control,136,0.39259259259999996
1423,1,80,5/13,10,control,64,0.6349206349000001
1424,1,81,5/13,10,control,0,
1425,1,82,5/13,10,control,302,0.4717607973
1426,1,83,5/13,10,control,141,0.3285714286
1427,1,84,5/13,10,control,-1,
1428,1,85,5/13,10,control,180,0.6424581006
1429,1,86,5/13,10,control,237,0.5974576271
1430,1,87,5/13,10,control,129,0.5859375
1431,1,88,5/13,10,control,285,0.6584507042000001
1432,1,89,5/13,10,control,-1,
1433,1,90,5/13,10,control,329,0.6067073171
1434,1,91,5/13,10,control,-1,
1435,1,92,5/13,10,control,-1,
1436,1,93,5/13,10,control,-1,
1437,1,94,5/13,10,control,-1,
1438,1,95,5/13,10,control,-1,
1439,1,96,5/13,10,control,204,0.3990147783
1440,1,1,5/18,15,control,60,0.6610169492
1441,1,2,5/18,15,control,305,0.6710526316
1442,1,3,5/18,15,control,-1,
1443,1,4,5/18,15,control,-1,
1444,1,5,5/18,15,control,-1,
1445,1,6,5/18,15,control,210,0.6172248804
1446,1,7,5/18,15,control,-1,
1447,1,8,5/18,15,control,-1,
1448,1,9,5/18,15,control,-1,
1449,1,10,5/18,15,control,-1,
1450,1,11,5/18,15,control,104,0.2233009709
1451,1,12,5/18,15,control,167,0.5903614457999999
1452,1,13,5/18,15,control,111,0.6363636364
1453,1,14,5/18,15,control,356,0.4028169014
1454,1,15,5/18,15,control,-1,
1455,1,16,5/18,15,control,171,0.4235294118
1456,1,17,5/18,15,control,294,0.662116041
1457,1,18,5/18,15,control,-1,
1458,1,19,5/18,15,control,-1,
1459,1,20,5/18,15,control,344,0.6530612245
1460,1,21,5/18,15,control,-1,
1461,1,22,5/18,15,control,349,0.35919540229999997
1462,1,23,5/18,15,control,-1,
1463,1,24,5/18,15,control,-1,
1464,1,25,5/18,15,control,111,0.7636363636
1465,1,26,5/18,15,control,281,0.42857142859999997
1466,1,27,5/18,15,control,496,0.4262626263
1467,1,28,5/18,15,control,-1,
1468,1,29,5/18,15,control,257,0.5390625
1469,1,30,5/18,15,control,293,0.4349315068
1470,1,31,5/18,15,control,-1,
1471,1,32,5/18,15,control,198,0.5685279188
1472,1,33,5/18,15,control,178,0.35028248590000005
1473,1,34,5/18,15,control,-1,
1474,1,35,5/18,15,control,240,0.4476987448
1475,1,36,5/18,15,control,-1,
1476,1,37,5/18,15,control,-1,
1477,1,38,5/18,15,control,609,0.38157894740000003
1478,1,39,5/18,15,control,-1,
1479,1,40,5/18,15,control,-1,
1480,1,41,5/18,15,control,580,0.4006908463
1481,1,42,5/18,15,control,522,0.2936660269
1482,1,43,5/18,15,control,0,
1483,1,44,5/18,15,control,-1,
1484,1,45,5/18,15,control,-1,
1485,1,46,5/18,15,control,-1,
1486,1,47,5/18,15,control,266,0.4867924528
1487,1,48,5/18,15,control,-1,
1488,1,49,5/18,15,control,233,0.48706896549999995
1489,1,50,5/18,15,control,-1,
1490,1,51,5/18,15,control,-1,
1491,1,52,5/18,15,control,-1,
1492,1,53,5/18,15,control,-1,
1493,1,54,5/18,15,control,-1,
1494,1,55,5/18,15,control,1,
1495,1,56,5/18,15,control,198,0.44670050759999996
1496,1,57,5/18,15,control,0,
1497,1,58,5/18,15,control,-1,
1498,1,59,5/18,15,control,487,0.5390946502
1499,1,60,5/18,15,control,128,0.3858267717
1500,1,61,5/18,15,control,205,0.431372549
1501,1,62,5/18,15,control,258,0.6381322957
1502,1,63,5/18,15,control,408,0.9017199017
1503,1,64,5/18,15,control,176,0.6342857143
1504,1,65,5/18,15,control,331,0.4
1505,1,66,5/18,15,control,627,0.5223642172999999
1506,1,67,5/18,15,control,-1,
1507,1,68,5/18,15,control,568,0.4373897707
1508,1,69,5/18,15,control,435,0.4976958525
1509,1,70,5/18,15,control,202,0.47761194030000004
1510,1,71,5/18,15,control,468,0.38758029979999997
1511,1,72,5/18,15,control,-1,
1512,1,73,5/18,15,control,-1,
1513,1,74,5/18,15,control,-1,
1514,1,75,5/18,15,control,-1,
1515,1,76,5/18,15,control,478,0.24318658280000002
1516,1,77,5/18,15,control,246,0.3387755102
1517,1,78,5/18,15,control,65,0.421875
1518,1,79,5/18,15,control,453,0.29424778760000003
1519,1,80,5/18,15,control,395,0.6903553298999999
1520,1,81,5/18,15,control,-1,
1521,1,82,5/18,15,control,0,
1522,1,83,5/18,15,control,81,0.2625
1523,1,84,5/18,15,control,-1,
1524,1,85,5/18,15,control,199,0.5555555556
1525,1,86,5/18,15,control,216,0.48837209299999995
1526,1,87,5/18,15,control,183,0.5384615385
1527,1,88,5/18,15,control,310,0.49838187700000003
1528,1,89,5/18,15,control,-1,
1529,1,90,5/18,15,control,510,0.4518664047
1530,1,91,5/18,15,control,-1,
1531,1,92,5/18,15,control,-1,
1532,1,93,5/18,15,control,-1,
1533,1,94,5/18,15,control,-1,
1534,1,95,5/18,15,control,-1,
1535,1,96,5/18,15,control,526,0.30666666670000003
1536,1,1,5/19,16,control,261,0.5230769231
1537,1,2,5/19,16,control,298,0.734006734
1538,1,3,5/19,16,control,-1,
1539,1,4,5/19,16,control,-1,
1540,1,5,5/19,16,control,-1,
1541,1,6,5/19,16,control,252,0.49800796810000003
1542,1,7,5/19,16,control,-1,
1543,1,8,5/19,16,control,-1,
1544,1,9,5/19,16,control,-1,
1545,1,10,5/19,16,control,-1,
1546,1,11,5/19,16,control,154,0.22222222219999999
1547,1,12,5/19,16,control,146,0.4275862069
1548,1,13,5/19,16,control,196,0.6871794872
1549,1,14,5/19,16,control,439,0.3744292237
1550,1,15,5/19,16,control,-1,
1551,1,16,5/19,16,control,214,0.4037558685
1552,1,17,5/19,16,control,230,0.4628820961
1553,1,18,5/19,16,control,-1,
1554,1,19,5/19,16,control,-1,
1555,1,20,5/19,16,control,535,0.5711610487
1556,1,21,5/19,16,control,-1,
1557,1,22,5/19,16,control,252,0.4581673307
1558,1,23,5/19,16,control,-1,
1559,1,24,5/19,16,control,-1,
1560,1,25,5/19,16,control,154,0.7581699345999999
1561,1,26,5/19,16,control,586,0.43760683759999996
1562,1,27,5/19,16,control,638,0.39403453689999995
1563,1,28,5/19,16,control,-1,
1564,1,29,5/19,16,control,335,0.36526946109999997
1565,1,30,5/19,16,control,319,0.4371069182
1566,1,31,5/19,16,control,3,0.5
1567,1,32,5/19,16,control,366,0.6931506849
1568,1,33,5/19,16,control,259,0.33720930229999996
1569,1,34,5/19,16,control,-1,
1570,1,35,5/19,16,control,326,0.39384615380000004
1571,1,36,5/19,16,control,-1,
1572,1,37,5/19,16,control,-1,
1573,1,38,5/19,16,control,590,0.47877758909999996
1574,1,39,5/19,16,control,1,
1575,1,40,5/19,16,control,5,0.5
1576,1,41,5/19,16,control,655,0.33027522940000004
1577,1,42,5/19,16,control,18,0.4705882353
1578,1,43,5/19,16,control,461,0.3826086957
1579,1,44,5/19,16,control,0,
1580,1,45,5/19,16,control,6,0.4
1581,1,46,5/19,16,control,2,0.0
1582,1,47,5/19,16,control,248,0.47773279350000003
1583,1,48,5/19,16,control,-1,
1584,1,49,5/19,16,control,470,0.39872068229999996
1585,1,50,5/19,16,control,-1,
1586,1,51,5/19,16,control,0,
1587,1,52,5/19,16,control,2,1.0
1588,1,53,5/19,16,control,11,0.4
1589,1,54,5/19,16,control,12,0.5454545454999999
1590,1,55,5/19,16,control,7,0.5
1591,1,56,5/19,16,control,24,0.4782608696
1592,1,57,5/19,16,control,5,0.5
1593,1,58,5/19,16,control,2,1.0
1594,1,59,5/19,16,control,449,0.6272321429
1595,1,60,5/19,16,control,269,0.328358209
1596,1,61,5/19,16,control,222,0.6696832578999999
1597,1,62,5/19,16,control,253,0.5674603175
1598,1,63,5/19,16,control,335,0.5329341317
1599,1,64,5/19,16,control,207,0.5631067961
1600,1,65,5/19,16,control,993,0.5866935484
1601,1,66,5/19,16,control,816,0.4920245399
1602,1,67,5/19,16,control,531,0.5358490565999999
1603,1,68,5/19,16,control,10,0.44444444439999997
1604,1,69,5/19,16,control,303,0.5562913907
1605,1,70,5/19,16,control,260,0.44015444020000005
1606,1,71,5/19,16,control,395,0.5126903553000001
1607,1,72,5/19,16,control,-1,
1608,1,73,5/19,16,control,-1,
1609,1,74,5/19,16,control,-1,
1610,1,75,5/19,16,control,-1,
1611,1,76,5/19,16,control,834,0.3157262905
1612,1,77,5/19,16,control,477,0.38865546219999997
1613,1,78,5/19,16,control,14,0.1538461538
1614,1,79,5/19,16,control,606,0.43140495869999995
1615,1,80,5/19,16,control,325,0.6728395062
1616,1,81,5/19,16,control,1,
1617,1,82,5/19,16,control,2,1.0
1618,1,83,5/19,16,control,162,0.3602484472
1619,1,84,5/19,16,control,-1,
1620,1,85,5/19,16,control,198,0.5634517766
1621,1,86,5/19,16,control,-1,
1622,1,87,5/19,16,control,219,0.49541284399999996
1623,1,88,5/19,16,control,293,0.4726027397
1624,1,89,5/19,16,control,-1,
1625,1,90,5/19,16,control,412,0.403892944
1626,1,91,5/19,16,control,-1,
1627,1,92,5/19,16,control,-1,
1628,1,93,5/19,16,control,-1,
1629,1,94,5/19,16,control,-1,
1630,1,95,5/19,16,control,-1,
1631,1,96,5/19,16,control,522,0.2418426104
1632,1,1,5/20,17,control,19,0.5
1633,1,2,5/20,17,control,20,0.42105263159999995
1634,1,3,5/20,17,control,-1,
1635,1,4,5/20,17,control,-1,
1636,1,5,5/20,17,control,-1,
1637,1,6,5/20,17,control,31,0.4666666667
1638,1,7,5/20,17,control,-1,
1639,1,8,5/20,17,control,-1,
1640,1,9,5/20,17,control,-1,
1641,1,10,5/20,17,control,-1,
1642,1,11,5/20,17,control,13,0.5833333333
1643,1,12,5/20,17,control,3,0.5
1644,1,13,5/20,17,control,24,0.43478260869999996
1645,1,14,5/20,17,control,38,0.5135135135
1646,1,15,5/20,17,control,-1,
1647,1,16,5/20,17,control,12,0.5454545454999999
1648,1,17,5/20,17,control,29,0.6071428571
1649,1,18,5/20,17,control,-1,
1650,1,19,5/20,17,control,36,0.6
1651,1,20,5/20,17,control,-1,
1652,1,21,5/20,17,control,-1,
1653,1,22,5/20,17,control,-1,
1654,1,23,5/20,17,control,-1,
1655,1,24,5/20,17,control,-1,
1656,1,25,5/20,17,control,3,1.0
1657,1,26,5/20,17,control,25,0.625
1658,1,27,5/20,17,control,30,0.48275862070000003
1659,1,28,5/20,17,control,-1,
1660,1,29,5/20,17,control,13,0.5833333333
1661,1,30,5/20,17,control,25,0.3333333333
1662,1,31,5/20,17,control,-1,
1663,1,32,5/20,17,control,17,0.625
1664,1,33,5/20,17,control,23,0.6363636364
1665,1,34,5/20,17,control,-1,
1666,1,35,5/20,17,control,30,0.5862068965999999
1667,1,36,5/20,17,control,-1,
1668,1,37,5/20,17,control,-1,
1669,1,38,5/20,17,control,30,0.48275862070000003
1670,1,39,5/20,17,control,-1,
1671,1,40,5/20,17,control,-1,
1672,1,41,5/20,17,control,30,0.5172413793
1673,1,42,5/20,17,control,3,0.5
1674,1,43,5/20,17,control,27,0.34615384619999995
1675,1,44,5/20,17,control,2,0.0
1676,1,45,5/20,17,control,-1,
1677,1,46,5/20,17,control,2,0.0
1678,1,47,5/20,17,control,21,0.4
1679,1,48,5/20,17,control,-1,
1680,1,49,5/20,17,control,20,0.3157894737
1681,1,50,5/20,17,control,-1,
1682,1,51,5/20,17,control,9,0.5
1683,1,52,5/20,17,control,3,0.5
1684,1,53,5/20,17,control,2,1.0
1685,1,54,5/20,17,control,4,0.3333333333
1686,1,55,5/20,17,control,0,
1687,1,56,5/20,17,control,-1,
1688,1,57,5/20,17,control,-1,
1689,1,58,5/20,17,control,-1,
1690,1,59,5/20,17,control,27,0.4615384615
1691,1,60,5/20,17,control,29,0.4642857143
1692,1,61,5/20,17,control,36,0.5714285714
1693,1,62,5/20,17,control,29,0.4642857143
1694,1,63,5/20,17,control,32,0.5161290323
1695,1,64,5/20,17,control,25,0.375
1696,1,65,5/20,17,control,40,0.5641025640999999
1697,1,66,5/20,17,control,33,0.5
1698,1,67,5/20,17,control,35,0.38235294119999996
1699,1,68,5/20,17,control,4,0.3333333333
1700,1,69,5/20,17,control,41,0.675
1701,1,70,5/20,17,control,37,0.44444444439999997
1702,1,71,5/20,17,control,29,0.4642857143
1703,1,72,5/20,17,control,-1,
1704,1,73,5/20,17,control,-1,
1705,1,74,5/20,17,control,-1,
1706,1,75,5/20,17,control,-1,
1707,1,76,5/20,17,control,25,0.5833333333
1708,1,77,5/20,17,control,40,0.5128205128
1709,1,78,5/20,17,control,18,0.23529411760000002
1710,1,79,5/20,17,control,32,0.5161290323
1711,1,80,5/20,17,control,28,0.40740740740000003
1712,1,81,5/20,17,control,-1,
1713,1,82,5/20,17,control,-1,
1714,1,83,5/20,17,control,27,0.5769230769
1715,1,84,5/20,17,control,-1,
1716,1,85,5/20,17,control,29,0.3928571429
1717,1,86,5/20,17,control,-1,
1718,1,87,5/20,17,control,24,0.43478260869999996
1719,1,88,5/20,17,control,29,0.5357142857
1720,1,89,5/20,17,control,-1,
1721,1,90,5/20,17,control,21,0.4
1722,1,91,5/20,17,control,-1,
1723,1,92,5/20,17,control,-1,
1724,1,93,5/20,17,control,-1,
1725,1,94,5/20,17,control,-1,
1726,1,95,5/20,17,control,-1,
1727,1,96,5/20,17,control,-1,
